INSERT INTO ROLE (role_id, role) VALUES
(1,'ROLE_ADMIN'),
(2,'ROLE_USER');

INSERT INTO User (user_id,user_bio,user_created,user_dob,user_email,user_first_name,user_last_name,user_password,user_type) VALUES
(1,'bio1','2020-06-19 15:27:28.054','2020-06-19 15:27:28.054', '1@1','1','11','pass1',1),
(2,'bio2','2020-06-19 15:27:28.054','2020-06-19 15:27:28.054', '2@2','jimmy2','22','pass2',2),
(3,'testbio','2020-06-19 15:27:28.054','2020-06-19 15:27:28.054', 'test@test','test','testing','$2y$10$lYCwUUJm/iEsHAA/wlomC.Bx23dW65QJlEFMQ7Hjd7/DsWed/71vG',1),
(4,'bio4','2020-06-19 15:27:28.054','2020-06-19 15:27:28.054', '4@4','sally4','44','pass4',1),
(5,'bio5','2020-06-19 15:27:28.054','2020-06-19 15:27:28.054', '5@5','bobby5','55','pass5',1);

INSERT INTO Course (course_id, course_name, course_date, USER_ID, is_active) VALUES
(1,'Meelmore Circuit', '2020-06-19 15:27:28.054',1,true),
(2,'My Second Course', '2020-06-19 15:27:28.054',3,true);

INSERT INTO Control (CONTROL_ID, CONTROL_POSITION, CONTROL_ALTITUDE, CONTROL_COMPLETED, CONTROL_LATITUDE, CONTROL_LONGITUDE, CONTROL_NAME, CONTROL_NOTE,
CONTROL_COURSE_COURSE_ID) VALUES
(1,0,635.99,FALSE,54.1900961,-5.9985057,'a','notea',1),
(2,1,554.00,FALSE,54.187884,-5.9969286,'b','noteb',1),
(3,2,595.00,FALSE,54.1874571,-5.9983233,'c','notec',1),
(4,3,634.01,FALSE,54.1874571,-6.001542,'d','noted',1),
(5,4,670.01,FALSE,54.1890893,-6.0007266,'e','notee',1),
(6,5,649.98,FALSE,54.1904247,-6.0019932,'f','notef',1),
(7,6,671.99,FALSE,54.19117, -5.99975,'g','noteg',1),
(8,0,635.99,FALSE,54.368144,-5.597652,'a','notea',2),
(9,1,635.99,FALSE,54.368188, -5.595732,'b','noteb',2),
(10,2,635.99,FALSE,54.367125, -5.591322,'c','notec',2),
(11,3,635.99,FALSE,54.367312, -5.587106,'d','noted',2),
(12,4,635.99,FALSE,54.367731, -5.584317,'e','notee',2);

INSERT INTO Control_Photograph (PHOTO_ID, PHOTO_NAME, PHOTO_PATH, is_active, Reference_ID) VALUES
(1,'myphoto1','http://192.168.0.21:8080/uploads/photographs/Central-Mournes3_f.jpg',true,1),
(2,'myphoto2','http://192.168.0.21:8080/uploads/photographs/hikersguide-1024x769.jpg',true,2),
(3,'myphoto3','http://192.168.0.21:8080/uploads/photographs/images.jpg',true,3),
(4,'myphoto4','http://192.168.0.21:8080/uploads/photographs/unnamed.jpg',true,4),
(5,'myphoto5','http://192.168.0.21:8080/uploads/photographs/mourne-mountains.jpg',true,5),
(6,'myphoto6','http://192.168.0.21:8080/uploads/photographs/_methode_times_prod_web_bin_ccea3924-209f-11e8-a25c-0a92182647c9.jpg',true,6),
(7,'myphoto7','http://192.168.0.21:8080/uploads/photographs/las-montanas-de-mourne.jpg',true,7),
(8,'myphoto8','http://192.168.0.21:8080/uploads/photographs/download1.jpg',true,8),
(9,'myphoto9','http://192.168.0.21:8080/uploads/photographs/download2.jpg',true,9),
(10,'myphoto10','http://192.168.0.21:8080/uploads/photographs/download3.jpg',true,10),
(11,'myphoto11','http://192.168.0.21:8080/uploads/photographs/download4.jpg',true,11),
(12,'myphoto12','http://192.168.0.21:8080/uploads/photographs/download5.jpg',true,12);

INSERT INTO Event (eventid,event_created,event_date,event_name,event_note,event_status, course_id, user_id, is_active) VALUES
(1,'2020-06-19 15:27:28.054','2020-06-19 15:27:28.054','event1','eventnote1',3,1,1,true),
(2,'2020-06-19 15:27:28.054','2020-06-19 15:27:28.054','event2','eventnote1',2,2,1,true),
(3,'2020-06-19 15:27:28.054','2020-06-19 15:27:28.054','event3','eventnote1',1,1,1,true);

INSERT INTO Event_Photograph (PHOTO_ID, PHOTO_NAME, PHOTO_PATH, is_active, Reference_ID) VALUES
(1,'myphoto1','http://192.168.0.21:8080/uploads/photographs/img_8737.jpg',true,1),
(2,'myphoto2','https://framptoncotterell-pc.gov.uk/wp-content/uploads/2018/11/Centenary-Field-2-480x360.jpg',true,2),
(3,'myphoto3','https://www.newstatesman.com/sites/default/files/styles/lead_image/public/Longreads_2019/12/personal_story.jpg?itok=D8iYo9yy',true,3);

INSERT INTO Participant (PARTICIPANT_ID,  	EVENTID,  	USER_ID  ) VALUES
(1,1,2),
(2,1,4),
(3,1,3),
(4,1,5),
(5,2,3);

INSERT INTO Participant_Control_Performance (pcp_id, control_time, control_id, participant_id) VALUES
(1 , 30000 , 1 , 1),
(2 , 60000 , 2 , 1),
(3 , 90000 , 3 , 1),
(4 , 120000 , 4 , 1),
(5 , 150000 , 5 , 1),
(6 , 180000 , 6 , 1),
(7 , 210000 , 7 , 1),
(8 , 40000 , 1 , 2),
(9 , 70000 , 2 , 2),
(10 , 100000 , 3 , 2),
(11 , 140000 , 4 , 2),
(12 , 170000 , 5 , 2),
(13 , 200000 , 6 , 2),
(14 , 230000 , 7 , 2),
(15 , 45000 , 1 , 3),
(16 , 80000 , 2 , 3),
(17 , 110000 , 3 , 3),
(18 , 155000 , 4 , 3),
(19 , 185000 , 5 , 3),
(20 , 220000 , 6 , 3),
(21 , 255000 , 7 , 3),
(22 , 47000 , 1 , 4),
(23 , 85000 , 2 , 4),
(24 , 120000 , 3 , 4),
(25 , 160000 , 4 , 4),
(26 , 200000 , 5 , 4),
(27 , 245000 , 6 , 4),
(28 , 275000 , 7 , 4);



INSERT INTO Route_Point (ROUTE_POINT_ID, ROUTE_POINT_LONGITUDE, ROUTE_POINT_LATITUDE,  	ROUTE_POINT_POSITION,  	PARTICIPANT_ID) VALUES
(1 , -5.9976642 , 54.1910704 , 0 , 1),
(2 , -5.9983938 , 54.1901006 , 1 , 1),
(3 , -5.9972941 , 54.1888953 , 2 , 1),
(4 , -5.9969286 , 54.187884 , 3 , 1),
(5 , -5.9978305 , 54.1878155 , 4 , 1),
(6 , -5.9983233 , 54.1874571 , 5 , 1),
(7 , -5.9997295 , 54.1872819 , 6 , 1),
(8 , -6.0008346 , 54.1874012 , 7 , 1),
(9 , -6.0016071 , 54.1875142 , 8 , 1),
(10 , -6.0013067 , 54.1883115 , 9 , 1),
(11 , -6.0010921 , 54.1886818 , 10 , 1),
(12 , -6.0007266 , 54.1890893 , 11 , 1),
(13 , -6.0004591 , 54.1896172 , 12 , 1),
(14 , -6.0008239 , 54.189906 , 13 , 1),
(15 , -6.0013603 , 54.1901633 , 14 , 1),
(16 , -6.0019826 , 54.1904646 , 15 , 1),
(17 , -6.0014354 , 54.1908664 , 16 , 1),
(18 , -6.0007273 , 54.1910171 , 17 , 1),
(19 , -5.9997508 , 54.191178 , 18 , 1),
(20 , -5.9976642 , 54.1910704 , 0 , 2),
(21 , -5.9983509 , 54.1904929 , 1 , 2),
(22 , -5.9985279 , 54.1902544 , 2 , 2),
(23 , -5.9984957 , 54.1901257 , 3 , 2),
(24 , -5.9980558 , 54.1894257 , 4 , 2),
(25 , -5.9980236 , 54.1886002 , 5 , 2),
(26 , -5.9974175 , 54.188368 , 6 , 2),
(27 , -5.9969286 , 54.187884 , 7 , 2),
(28 , -5.998265 , 54.187464 , 8 , 2),
(29 , -6.0000085 , 54.1875173 , 9 , 2),
(30 , -6.0015105 , 54.1874953 , 10 , 2),
(31 , -6.0016393 , 54.1877559 , 11 , 2),
(32 , -6.0014676 , 54.188302 , 12 , 2),
(33 , -6.0006522 , 54.1889141 , 13 , 2),
(34 , -6.0007059 , 54.1891213 , 14 , 2),
(35 , -6.0016823 , 54.1898493 , 15 , 2),
(36 , -6.0015964 , 54.1900879 , 16 , 2),
(37 , -6.0019932 , 54.1904247 , 17 , 2),
(38 , -6.0012316 , 54.1911174 , 18 , 2),
(39 , -6.000545 , 54.191155 , 19 , 2),
(40 , -5.9997508 , 54.191178 , 20 , 2),
(41 , -5.9976642 , 54.1910704 , 0 , 3),
(42 , -5.9988177 , 54.190521 , 1 , 3),
(43 , -5.9984957 , 54.1901257 , 2 , 3),
(44 , -5.99841 , 54.1896673 , 3 , 3),
(45 , -5.9982061 , 54.1891965 , 4 , 3),
(46 , -5.9983456 , 54.1884871 , 5 , 3),
(47 , -5.9969286 , 54.187884 , 6 , 3),
(48 , -5.9971332 , 54.187558 , 7 , 3),
(49 , -5.998013 , 54.1874199 , 8 , 3),
(50 , -5.9983233 , 54.1874571 , 9 , 3),
(51 , -5.9995258 , 54.1870997 , 10 , 3),
(52 , -6.0005235 , 54.1872002 , 11 , 3),
(53 , -6.0015105 , 54.1874953 , 12 , 3),
(54 , -6.0006201 , 54.1879472 , 13 , 3),
(55 , -6.0005665 , 54.1883302 , 14 , 3),
(56 , -6.000148 , 54.1887256 , 15 , 3),
(57 , -6.0007059 , 54.1891213 , 16 , 3),
(58 , -6.001811 , 54.1893346 , 17 , 3),
(59 , -6.0021758 , 54.1899623 , 18 , 3),
(60 , -6.0019932 , 54.1904247 , 19 , 3),
(61 , -6.0016608 , 54.1911174 , 20 , 3),
(62 , -6.0006308 , 54.19145 , 21 , 3),
(63 , -5.9997081 , 54.1912178 , 22 , 3),
(64 , -5.9976642 , 54.1910704 , 0 , 4),
(65 , -5.9977126 , 54.1904645 , 1 , 4),
(66 , -5.9985057 , 54.1900961 , 2 , 4),
(67 , -5.9978628 , 54.1893785 , 3 , 4),
(68 , -5.9971547 , 54.1889705 , 4 , 4),
(69 , -5.9968972 , 54.1883929 , 5 , 4),
(70 , -5.9969286 , 54.187884 , 6 , 4),
(71 , -5.9980774 , 54.1878656 , 7 , 4),
(72 , -5.9983233 , 54.1874571 , 8 , 4),
(73 , -5.999397 , 54.1876333 , 9 , 4),
(74 , -6.0002553 , 54.1876082 , 10 , 4),
(75 , -6.0016071 , 54.1875142 , 11 , 4),
(76 , -6.0009634 , 54.1880351 , 12 , 4),
(77 , -6.0007059 , 54.1884306 , 13 , 4),
(78 , -6.0006952 , 54.1891776 , 14 , 4),
(79 , -6.0016608 , 54.1896359 , 15 , 4),
(80 , -6.0019826 , 54.1904646 , 16 , 4),
(81 , -6.0009742 , 54.1907847 , 17 , 4),
(82 , -6.0000622 , 54.1910797 , 18 , 4),
(83 , -5.9997508 , 54.191178 , 19 , 4);