INSERT INTO ROLE (role_id, role) VALUES
(1,'ROLE_ADMIN'),
(2,'ROLE_USER');

INSERT INTO User (user_id,user_bio,user_created,user_dob,user_email,user_first_name,user_last_name,user_password,user_type) VALUES
(1,'Bio for A Admin','2020-06-19 15:27:28.054','2020-06-19 15:27:28.054', 'aadmin@1.com','Aaron','Admin','pass1',1),
(2,'Bio for B Butler','2020-06-19 15:27:28.054','2020-06-19 15:27:28.054', 'bbutler@2.com','Bridget','Butler','pass2',2),
(3,'Bio for T Test','2020-06-19 15:27:28.054','2020-06-19 15:27:28.054', 'ttest@3.com','Timmy','Test','$2y$10$lYCwUUJm/iEsHAA/wlomC.Bx23dW65QJlEFMQ7Hjd7/DsWed/71vG',1),
(4,'Bio for C Connolly','2020-06-19 15:27:28.054','2020-06-19 15:27:28.054', 'cconnolly@4.com','Carol','Connolly','pass4',2),
(5,'Bio for D Davis','2020-06-19 15:27:28.054','2020-06-19 15:27:28.054', 'ddavis@5.com','Derick','Davis','pass5',2),
(6,'Bio for E Edgar','2020-06-19 15:27:28.054','2020-06-19 15:27:28.054', 'eedgar@5.com','Edmond','Edgar','pass6',2),
(7,'Bio for F France','2020-06-19 15:27:28.054','2020-06-19 15:27:28.054', 'ffrance@5.com','Francis','France','pass7',2),
(8,'Bio for G Gafoor','2020-06-19 15:27:28.054','2020-06-19 15:27:28.054', 'ggafoor@5.com','Garfield','Gafoor','pass8',2);

INSERT INTO Course (course_id, course_name, course_note, course_date, USER_ID, is_active) VALUES
(1,'Meelmore Circuit', 'Around the valley', '2020-06-19 15:27:28.054',1,true),
(2,'Castleward Run', 'Up to the castle','2020-06-19 15:27:28.054',3,true),
(3,'Tollymore Ramble', 'Around the north entrance','2020-06-19 15:27:28.054',1,true),
(4,'Castlewellan Loop', 'Around the lake','2020-06-19 15:27:28.054',1,true);

INSERT INTO Control (CONTROL_ID, CONTROL_TIME, CONTROL_POSITION, CONTROL_ALTITUDE, CONTROL_COMPLETED, CONTROL_LATITUDE, CONTROL_LONGITUDE, CONTROL_NAME, CONTROL_NOTE,CONTROL_COURSE_COURSE_ID) VALUES
(1,'2020-06-19 15:27:28.054',0,635.99,FALSE,54.1900961,-5.9985057,'a','notea',1),
(2,'2020-06-19 15:27:28.054',1,554.00,FALSE,54.187884,-5.9969286,'b','noteb',1),
(3,'2020-06-19 15:27:28.054',2,595.00,FALSE,54.1874571,-5.9983233,'c','notec',1),
(4,'2020-06-19 15:27:28.054',3,634.01,FALSE,54.1874571,-6.001542,'d','noted',1),
(5,'2020-06-19 15:27:28.054',4,670.01,FALSE,54.1890893,-6.0007266,'e','notee',1),
(6,'2020-06-19 15:27:28.054',5,649.98,FALSE,54.1904247,-6.0019932,'f','notef',1),
(7,'2020-06-19 15:27:28.054',6,671.99,FALSE,54.19117, -5.99975,'g','noteg',1),
(8,'2020-06-19 15:27:28.054',0,631.99,FALSE,54.368144,-5.597652,'a','notea',2),
(9,'2020-06-19 15:27:28.054',1,625.99,FALSE,54.368188, -5.595732,'b','noteb',2),
(10,'2020-06-19 15:27:28.054',2,644.99,FALSE,54.367125, -5.591322,'c','notec',2),
(11,'2020-06-19 15:27:28.054',3,695.99,FALSE,54.367312, -5.587106,'d','noted',2),
(12,'2020-06-19 15:27:28.054',4,702.99,FALSE,54.367731, -5.584317,'e','notee',2),
(13,'2020-06-19 15:27:28.054',0,545.99,FALSE,54.214145,-5.924331,'a1','note1',3),
(14,'2020-06-19 15:27:28.054',1,512.99,FALSE,54.217446, -5.930793,'b1','noteb1',3),
(15,'2020-06-19 15:27:28.054',2,501.99,FALSE,54.218795, -5.935933,'c1','notec1',3),
(16,'2020-06-19 15:27:28.054',3,523.99,FALSE,54.221361, -5.927879,'d1','noted1',3),
(17,'2020-06-19 15:27:28.054',4,504.99,FALSE,54.224700, -5.934012,'e1','notee1',3),
(18,'2020-06-19 15:27:28.054',0,305.99,FALSE,54.260919,-5.955026,'acw','noteacw',4),
(19,'2020-06-19 15:27:28.054',1,320.99,FALSE,54.261539, -5.965293,'bcw','notebcw',4),
(20,'2020-06-19 15:27:28.054',2,301.99,FALSE,54.263545, -5.977739,'ccw','noteccw',4),
(21,'2020-06-19 15:27:28.054',3,330.99,FALSE,54.266678, -5.969456,'dcw','notedcw',4),
(22,'2020-06-19 15:27:28.054',4,324.99,FALSE,54.264924, -5.955047,'ecw','noteecw',4);

INSERT INTO Control_Photograph (PHOTO_ID, PHOTO_NAME, PHOTO_PATH, is_active, Reference_ID) VALUES
(1,'myphoto1','http://192.168.0.21:8080/uploads/photographs/Central-Mournes3_f.jpg',true,1),
(2,'myphoto2','http://192.168.0.21:8080/uploads/photographs/hikersguide-1024x769.jpg',true,2),
(3,'myphoto3','http://192.168.0.21:8080/uploads/photographs/images.jpg',true,3),
(4,'myphoto4','http://192.168.0.21:8080/uploads/photographs/unnamed.jpg',true,4),
(5,'myphoto5','http://192.168.0.21:8080/uploads/photographs/mourne-mountains.jpg',true,5),
(6,'myphoto6','http://192.168.0.21:8080/uploads/photographs/_methode_times_prod_web_bin_ccea3924-209f-11e8-a25c-0a92182647c9.jpg',true,6),
(7,'myphoto7','http://192.168.0.21:8080/uploads/photographs/las-montanas-de-mourne.jpg',true,7),

(8,'myphoto8','http://192.168.0.21:8080/uploads/photographs/download1.jpg',true,8),
(9,'myphoto9','http://192.168.0.21:8080/uploads/photographs/download2.jpg',true,9),
(10,'myphoto10','http://192.168.0.21:8080/uploads/photographs/download3.jpg',true,10),
(11,'myphoto11','http://192.168.0.21:8080/uploads/photographs/download4.jpg',true,11),
(12,'myphoto12','http://192.168.0.21:8080/uploads/photographs/download5.jpg',true,12),

(13,'myphoto13','http://192.168.0.21:8080/uploads/photographs/download6.jpg',true,13),
(14,'myphoto14','http://192.168.0.21:8080/uploads/photographs/download7.jpg',true,14),
(15,'myphoto15','http://192.168.0.21:8080/uploads/photographs/download8.jpg',true,15),
(16,'myphoto16','http://192.168.0.21:8080/uploads/photographs/download9.jpg',true,16),
(17,'myphoto17','http://192.168.0.21:8080/uploads/photographs/download10.jpg',true,17),

(18,'myphoto18','http://192.168.0.21:8080/uploads/photographs/download11.jpg',true,18),
(19,'myphoto19','http://192.168.0.21:8080/uploads/photographs/download12.jpg',true,19),
(20,'myphoto20','http://192.168.0.21:8080/uploads/photographs/download13.jpg',true,20),
(21,'myphoto21','http://192.168.0.21:8080/uploads/photographs/download14.jpg',true,21),
(22,'myphoto22','http://192.168.0.21:8080/uploads/photographs/download15.jpg',true,22);

INSERT INTO Event (eventid,event_created,event_date,event_name,event_note,event_status, course_id, user_id, is_active) VALUES
(1,'2020-06-19 15:27:28.054','2020-06-19 15:27:28.054','event1','eventnote1',3,1,1,true),
(2,'2020-06-19 15:27:28.054','2020-07-19 15:27:28.054','event2','eventnote1',2,2,1,true),
(3,'2020-06-19 15:27:28.054','2020-09-19 15:27:28.054','event3','eventnote1',1,1,1,true),
(4,'2020-11-19 15:27:28.054','2020-08-19 15:27:28.054','EventTestOne','EventTestNote',1,4,1,true),
(5,'2020-11-19 15:27:28.054','2020-10-19 15:27:28.054','EventTestTwo','EventTestNote',2,4,1,true),
(6,'2020-11-19 15:27:28.054','2020-12-19 15:27:28.054','EventTestThree','EventTestNote',3,3,1,true),
(7,'2020-11-19 15:27:28.054','2020-11-19 15:27:28.054','EventTestFive','EventTestNote',2,3,1,true),
(8,'2020-11-19 15:27:28.054','2020-12-17 15:27:28.054','EventTestSix','EventTestNote',3,3,1,true),
(9,'2020-11-19 15:27:28.054','2020-12-18 15:27:28.054','EventTestSeven','EventTestNote',1,1,1,true),
(10,'2020-11-19 15:27:28.054','2020-12-20 15:27:28.054','EventTestEight','EventTestNote',2,4,1,true),
(11,'2020-11-19 15:27:28.054','2020-12-21 15:27:28.054','EventTestNine','EventTestNote',3,1,1,true);

INSERT INTO Event_Photograph (PHOTO_ID, PHOTO_NAME, PHOTO_PATH, is_active, Reference_ID) VALUES
(1,'myphoto1','http://192.168.0.21:8080/uploads/photographs/download16.jpg',true,1),
(2,'myphoto2','http://192.168.0.21:8080/uploads/photographs/download17.jpg',true,2),
(3,'myphoto3','http://192.168.0.21:8080/uploads/photographs/download18.jpg',true,3),
(4,'myphoto2','http://192.168.0.21:8080/uploads/photographs/download19.jpg',true,4),
(5,'myphoto2','http://192.168.0.21:8080/uploads/photographs/download20.jpg',true,5),
(6,'myphoto2','http://192.168.0.21:8080/uploads/photographs/download21.jpg',true,6),
(7,'myphoto2','http://192.168.0.21:8080/uploads/photographs/download22.jpg',true,7),
(8,'myphoto2','http://192.168.0.21:8080/uploads/photographs/download23.jpg',true,8),
(9,'myphoto2','http://192.168.0.21:8080/uploads/photographs/download24.jpg',true,9),
(10,'myphoto2','http://192.168.0.21:8080/uploads/photographs/download25.jpg',true,10),
(11,'myphoto2','http://192.168.0.21:8080/uploads/photographs/download26.jpg',true,11);

INSERT INTO Participant (PARTICIPANT_ID,  	EVENTID,  	USER_ID  ) VALUES
(1,1,2),
(2,1,4),
(3,1,3),
(4,1,5),
(5,2,3),

(6,7,3),

(7,8,2),
(8,8,3),
(9,8,4),
(10,8,5),
(11,8,6),
(12,8,7),

(13,10,2),
(14,10,3),
(15,10,4),
(16,10,5),
(17,10,6),
(18,10,7),
(19,10,8),

(20,11,2),
(21,11,3),
(22,11,4),
(23,11,5),
(24,11,6),
(25,11,7),

(26,9,3);

INSERT INTO Participant_Control_Performance (pcp_id, control_time, control_id, participant_id) VALUES
(1 , 30000 , 1 , 1),
(2 , 60000 , 2 , 1),
(3 , 90000 , 3 , 1),
(4 , 120000 , 4 , 1),
(5 , 150000 , 5 , 1),
(6 , 180000 , 6 , 1),
(7 , 210000 , 7 , 1),
(8 , 40000 , 1 , 2),
(9 , 70000 , 2 , 2),
(10 , 100000 , 3 , 2),
(11 , 140000 , 4 , 2),
(12 , 170000 , 5 , 2),
(13 , 200000 , 6 , 2),
(14 , 230000 , 7 , 2),
(15 , 45000 , 1 , 3),
(16 , 80000 , 2 , 3),
(17 , 110000 , 3 , 3),
(18 , 155000 , 4 , 3),
(19 , 185000 , 5 , 3),
(20 , 220000 , 6 , 3),
(21 , 255000 , 7 , 3),
(22 , 47000 , 1 , 4),
(23 , 85000 , 2 , 4),
(24 , 120000 , 3 , 4),
(25 , 160000 , 4 , 4),
(26 , 200000 , 5 , 4),
(27 , 245000 , 6 , 4),
(28 , 275000 , 7 , 4),

(29 	,	300000	,	13	,	 7)	,
(30 	,	400000	,	14	,	 7)	,
(31 	,	500000	,	15	,	 7)	,
(32 	,	600000	,	16	,	 7)	,
(33 	,	700000	,	17	,	 7)	,
(34 	,	310000	,	13	,	 9)	,
(35 	,	420000	,	14	,	 9)	,
(36 	,	530000	,	15	,	 9)	,
(37 	,	640000	,	16	,	 9)	,
(38 	,	750000	,	17	,	 9)	,
(39 	,	320000	,	13	,	 10)	,
(40 	,	430000	,	14	,	 10)	,
(41 	,	540000	,	15	,	 10)	,
(42 	,	650000	,	16	,	 10)	,
(43 	,	760000	,	17	,	 10)	,
(44 	,	330000	,	13	,	 11)	,
(45 	,	440000	,	14	,	 11)	,
(46 	,	550000	,	15	,	 11)	,
(47 	,	660000	,	16	,	 11)	,
(48 	,	770000	,	17	,	 11)	,
(49 	,	340000	,	13	,	 12)	,
(50 	,	450000	,	14	,	 12)	,
(51 	,	560000	,	15	,	 12)	,
(52	    ,	670000	,	16	,	 12)	,
(53 	,	780000	,	17	,	 12)	,

(54 	,	300000	,	18	,	 13)	,
(55 	,	400000	,	19	,	 13)	,
(56 	,	500000	,	20	,	 13)	,
(57 	,	600000	,	21	,	 13)	,
(58 	,	700000	,	22	,	 13)	,
(59 	,	310000	,	18	,	 15)	,
(60 	,	420000	,	19	,	 15)	,
(61 	,	530000	,	20	,	 15)	,
(62 	,	640000	,	21	,	 15)	,
(63 	,	750000	,	22	,	 15)	,
(64 	,	320000	,	18	,	 16)	,
(65 	,	430000	,	19	,	 16)	,
(66 	,	540000	,	20	,	 16)	,
(67 	,	650000	,	21	,	 16)	,
(68 	,	760000	,	22	,	 16)	,
(69 	,	330000	,	18	,	 17)	,
(70 	,	440000	,	19	,	 17)	,
(71 	,	550000	,	20	,	 17)	,
(72 	,	660000	,	21	,	 17)	,
(73 	,	770000	,	22	,	 17)	,
(74 	,	340000	,	18	,	 18)	,
(75 	,	450000	,	19	,	 18)	,
(76 	,	560000	,	20	,	 18)	,
(77 	,	670000	,	21	,	 18)	,
(78 	,	780000	,	22	,	 18)	,
(79 	,	350000	,	18	,	 19)	,
(80 	,	460000	,	19	,	 19)	,
(81 	,	570000	,	20	,	 19)	,
(82 	,	680000	,	21	,	 19)	,
(83 	,	790000	,	22	,	 19)	,

(84 	,	300000	,	1	,	 20)	,
(85 	,	400000	,	2	,	 20)	,
(86 	,	500000	,	3	,	 20)	,
(87 	,	600000	,	4	,	 20)	,
(88 	,	700000	,	5	,	 20)	,
(89 	,	800000	,	6	,	 20)	,
(90 	,	900000	,	7	,	 20)	,
(91 	,	310000	,	1	,	 21)	,
(92 	,	420000	,	2	,	 21)	,
(93 	,	530000	,	3	,	 21)	,
(94 	,	640000	,	4	,	 21)	,
(95 	,	750000	,	5	,	 21)	,
(96 	,	860000	,	6	,	 21)	,
(97 	,	970000	,	7	,	 21)	,
(98 	,	320000	,	1	,	 22)	,
(99 	,	430000	,	2	,	 22)	,
(100 	,	540000	,	3	,	 22)	,
(101 	,	650000	,	4	,	 22)	,
(102 	,	760000	,	5	,	 22)	,
(103 	,	870000	,	6	,	 22)	,
(104 	,	980000	,	7	,	 22)	,
(105 	,	330000	,	1	,	 23)	,
(106 	,	440000	,	2	,	 23)	,
(107 	,	550000	,	3	,	 23)	,
(108 	,	660000	,	4	,	 23)	,
(109 	,	770000	,	5	,	 23)	,
(110	,	880000	,	6	,	 23)	,
(111 	,	990000	,	7	,	 23)	,
(112 	,	340000	,	1	,	 24)	,
(113	,	450000	,	2	,	 24)	,
(114	,	560000	,	3	,	 24)	,
(115	,	670000	,	4	,	 24)	,
(116	,	780000	,	5	,	 24)	,
(117	,	890000	,	6	,	 24)	,
(118	,	1010000	,	7	,	 24)	,
(119	,	350000	,	1	,	 25)	,
(120	,	460000	,	2	,	 25)	,
(121	,	570000	,	3	,	 25)	,
(122	,	680000	,	4	,	 25)	,
(123	,	790000	,	5	,	 25)	,
(124	,	900000	,	6	,	 25)	,
(125	,	1020000	,	7	,	 25);




INSERT INTO Route_Point (ROUTE_POINT_ID, ROUTE_POINT_LONGITUDE, ROUTE_POINT_LATITUDE,  	ROUTE_POINT_POSITION,  	PARTICIPANT_ID) VALUES
(1 , -5.9976642 , 54.1910704 , 0 , 1),
(2 , -5.9983938 , 54.1901006 , 1 , 1),
(3 , -5.9972941 , 54.1888953 , 2 , 1),
(4 , -5.9969286 , 54.187884 , 3 , 1),
(5 , -5.9978305 , 54.1878155 , 4 , 1),
(6 , -5.9983233 , 54.1874571 , 5 , 1),
(7 , -5.9997295 , 54.1872819 , 6 , 1),
(8 , -6.0008346 , 54.1874012 , 7 , 1),
(9 , -6.0016071 , 54.1875142 , 8 , 1),
(10 , -6.0013067 , 54.1883115 , 9 , 1),
(11 , -6.0010921 , 54.1886818 , 10 , 1),
(12 , -6.0007266 , 54.1890893 , 11 , 1),
(13 , -6.0004591 , 54.1896172 , 12 , 1),
(14 , -6.0008239 , 54.189906 , 13 , 1),
(15 , -6.0013603 , 54.1901633 , 14 , 1),
(16 , -6.0019826 , 54.1904646 , 15 , 1),
(17 , -6.0014354 , 54.1908664 , 16 , 1),
(18 , -6.0007273 , 54.1910171 , 17 , 1),
(19 , -5.9997508 , 54.191178 , 18 , 1),
(20 , -5.9976642 , 54.1910704 , 0 , 2),
(21 , -5.9983509 , 54.1904929 , 1 , 2),
(22 , -5.9985279 , 54.1902544 , 2 , 2),
(23 , -5.9984957 , 54.1901257 , 3 , 2),
(24 , -5.9980558 , 54.1894257 , 4 , 2),
(25 , -5.9980236 , 54.1886002 , 5 , 2),
(26 , -5.9974175 , 54.188368 , 6 , 2),
(27 , -5.9969286 , 54.187884 , 7 , 2),
(28 , -5.998265 , 54.187464 , 8 , 2),
(29 , -6.0000085 , 54.1875173 , 9 , 2),
(30 , -6.0015105 , 54.1874953 , 10 , 2),
(31 , -6.0016393 , 54.1877559 , 11 , 2),
(32 , -6.0014676 , 54.188302 , 12 , 2),
(33 , -6.0006522 , 54.1889141 , 13 , 2),
(34 , -6.0007059 , 54.1891213 , 14 , 2),
(35 , -6.0016823 , 54.1898493 , 15 , 2),
(36 , -6.0015964 , 54.1900879 , 16 , 2),
(37 , -6.0019932 , 54.1904247 , 17 , 2),
(38 , -6.0012316 , 54.1911174 , 18 , 2),
(39 , -6.000545 , 54.191155 , 19 , 2),
(40 , -5.9997508 , 54.191178 , 20 , 2),
(41 , -5.9976642 , 54.1910704 , 0 , 3),
(42 , -5.9988177 , 54.190521 , 1 , 3),
(43 , -5.9984957 , 54.1901257 , 2 , 3),
(44 , -5.99841 , 54.1896673 , 3 , 3),
(45 , -5.9982061 , 54.1891965 , 4 , 3),
(46 , -5.9983456 , 54.1884871 , 5 , 3),
(47 , -5.9969286 , 54.187884 , 6 , 3),
(48 , -5.9971332 , 54.187558 , 7 , 3),
(49 , -5.998013 , 54.1874199 , 8 , 3),
(50 , -5.9983233 , 54.1874571 , 9 , 3),
(51 , -5.9995258 , 54.1870997 , 10 , 3),
(52 , -6.0005235 , 54.1872002 , 11 , 3),
(53 , -6.0015105 , 54.1874953 , 12 , 3),
(54 , -6.0006201 , 54.1879472 , 13 , 3),
(55 , -6.0005665 , 54.1883302 , 14 , 3),
(56 , -6.000148 , 54.1887256 , 15 , 3),
(57 , -6.0007059 , 54.1891213 , 16 , 3),
(58 , -6.001811 , 54.1893346 , 17 , 3),
(59 , -6.0021758 , 54.1899623 , 18 , 3),
(60 , -6.0019932 , 54.1904247 , 19 , 3),
(61 , -6.0016608 , 54.1911174 , 20 , 3),
(62 , -6.0006308 , 54.19145 , 21 , 3),
(63 , -5.9997081 , 54.1912178 , 22 , 3),
(64 , -5.9976642 , 54.1910704 , 0 , 4),
(65 , -5.9977126 , 54.1904645 , 1 , 4),
(66 , -5.9985057 , 54.1900961 , 2 , 4),
(67 , -5.9978628 , 54.1893785 , 3 , 4),
(68 , -5.9971547 , 54.1889705 , 4 , 4),
(69 , -5.9968972 , 54.1883929 , 5 , 4),
(70 , -5.9969286 , 54.187884 , 6 , 4),
(71 , -5.9980774 , 54.1878656 , 7 , 4),
(72 , -5.9983233 , 54.1874571 , 8 , 4),
(73 , -5.999397 , 54.1876333 , 9 , 4),
(74 , -6.0002553 , 54.1876082 , 10 , 4),
(75 , -6.0016071 , 54.1875142 , 11 , 4),
(76 , -6.0009634 , 54.1880351 , 12 , 4),
(77 , -6.0007059 , 54.1884306 , 13 , 4),
(78 , -6.0006952 , 54.1891776 , 14 , 4),
(79 , -6.0016608 , 54.1896359 , 15 , 4),
(80 , -6.0019826 , 54.1904646 , 16 , 4),
(81 , -6.0009742 , 54.1907847 , 17 , 4),
(82 , -6.0000622 , 54.1910797 , 18 , 4),
(83 , -5.9997508 , 54.191178 , 19 , 4),

(	84	,	-5.9217382	,	54.214193	,	0	,	 7)		,
(	85	,	-5.924399	,	54.2127876	,	1	,	 7)		,
(	86	,	-5.924356	,	54.2144188	,	2	,	 7)		,
(	87	,	-5.930793	,	54.217446	,	3	,	 7)		,
(	88	,	-5.9425092	,	54.2180323	,	4	,	 7)		,
(	89	,	-5.9270168	,	54.2198641	,	5	,	 7)		,
(	90	,	-5.9278322	,	54.2215452	,	6	,	 7)		,
(	91	,	-5.9268451	,	54.2223732	,	7	,	 7)		,
(	92	,	-5.9336258	,	54.223176	,	8	,	 7)		,
(	93	,	-5.934012	,	54.2247	,	9	,	 7)		,
(	94	,	-5.9220815	,	54.2143686	,	0	,	 9)		,
(	95	,	-5.924331	,	54.214145	,	1	,	 9)		,
(	96	,	-5.926416	,	54.2178567	,	2	,	 9)		,
(	97	,	-5.9376169	,	54.2170537	,	3	,	 9)		,
(	98	,	-5.9357286	,	54.2190862	,	4	,	 9)		,
(	99	,	-5.9267593	,	54.221771	,	5	,	 9)		,
(	100	,	-5.9343982	,	54.2249824	,	6	,	 9)		,
(	101	,	-5.9217382	,	54.214193	,	0	,	 10)		,
(	102	,	-5.9241844	,	54.2133397	,	1	,	 10)		,
(	103	,	-5.9244419	,	54.2149458	,	2	,	 10)		,
(	104	,	-5.9270168	,	54.2175807	,	3	,	 10)		,
(	105	,	-5.9366298	,	54.2173297	,	4	,	 10)		,
(	106	,	-5.9354711	,	54.2199895	,	5	,	 10)		,
(	107	,	-5.9260727	,	54.2216455	,	6	,	 10)		,
(	108	,	-5.9349561	,	54.2230506	,	7	,	 10)		,
(	109	,	-5.9339691	,	54.224857	,	8	,	 10)		,
(	110	,	-5.9217382	,	54.214193	,	0	,	 11)		,
(	111	,	-5.9246565	,	54.2142934	,	1	,	 11)		,
(	112	,	-5.9287334	,	54.2158743	,	2	,	 11)		,
(	113	,	-5.9309221	,	54.2179069	,	3	,	 11)		,
(	114	,	-5.9403635	,	54.2180323	,	4	,	 11)		,
(	115	,	-5.9339691	,	54.2192368	,	5	,	 11)		,
(	116	,	-5.9271026	,	54.2217208	,	6	,	 11)		,
(	117	,	-5.9339691	,	54.2234269	,	7	,	 11)		,
(	118	,	-5.9339691	,	54.224857	,	8	,	 11)		,
(	119	,	-5.9217382	,	54.214193	,	0	,	 12)		,
(	120	,	-5.9248281	,	54.2140675	,	1	,	 12)		,
(	121	,	-5.928948	,	54.2171792	,	2	,	 12)		,
(	122	,	-5.93148	,	54.2177312	,	3	,	 12)		,
(	123	,	-5.938046	,	54.2182582	,	4	,	 12)		,
(	124	,	-5.9283901	,	54.2207423	,	5	,	 12)		,
(	125	,	-5.9241415	,	54.2207674	,	6	,	 12)		,
(	126	,	-5.9297634	,	54.2219717	,	7	,	 12)		,
(	127	,	-5.9287763	,	54.2245058	,	8	,	 12)		,
(	128	,	-5.934012	,	54.2247	,	9	,	 12)		,
(	129	,	-5.9459957	,	54.260219	,	0	,	 13)		,
(	130	,	-5.9510597	,	54.2622494	,	1	,	 13)		,
(	131	,	-5.9528192	,	54.2607956	,	2	,	 13)		,
(	132	,	-5.955026	,	54.260919	,	3	,	 13)		,
(	133	,	-5.965293	,	54.261539	,	4	,	 13)		,
(	134	,	-5.978268	,	54.260219	,	5	,	 13)		,
(	135	,	-5.9820446	,	54.2627257	,	6	,	 13)		,
(	136	,	-5.977739	,	54.263545	,	7	,	 13)		,
(	137	,	-5.971659	,	54.2647058	,	8	,	 13)		,
(	138	,	-5.9725603	,	54.2666608	,	9	,	 13)		,
(	139	,	-5.969456	,	54.266678	,	10	,	 13)		,
(	140	,	-5.955047	,	54.264924	,	11	,	 13)		,
(	141	,	-5.9464248	,	54.260219	,	0	,	 15)		,
(	142	,	-5.955026	,	54.260919	,	1	,	 15)		,
(	143	,	-5.9640201	,	54.2604446	,	2	,	 15)		,
(	144	,	-5.965293	,	54.261539	,	3	,	 15)		,
(	145	,	-5.9791263	,	54.2622995	,	4	,	 15)		,
(	146	,	-5.9790405	,	54.2637533	,	5	,	 15)		,
(	147	,	-5.977281	,	54.2636781	,	6	,	 15)		,
(	148	,	-5.9697279	,	54.2666858	,	7	,	 15)		,
(	149	,	-5.9570678	,	54.2660843	,	8	,	 15)		,
(	150	,	-5.955047	,	54.264924	,	9	,	 15)		,
(	151	,	-5.9462102	,	54.2599684	,	0	,	 16)		,
(	152	,	-5.951403	,	54.260971	,	1	,	 16)		,
(	153	,	-5.955026	,	54.260919	,	2	,	 16)		,
(	154	,	-5.963591	,	54.2608958	,	3	,	 16)		,
(	155	,	-5.9655221	,	54.261723	,	4	,	 16)		,
(	156	,	-5.978783	,	54.2617481	,	5	,	 16)		,
(	157	,	-5.9786972	,	54.2637032	,	6	,	 16)		,
(	158	,	-5.9759506	,	54.2637533	,	7	,	 16)		,
(	159	,	-5.96917	,	54.2667861	,	8	,	 16)		,
(	160	,	-5.9647068	,	54.265583	,	9	,	 16)		,
(	161	,	-5.955047	,	54.264924	,	10	,	 16)		,
(	162	,	-5.9459957	,	54.260219	,	0	,	 17)		,
(	163	,	-5.9514459	,	54.2614473	,	1	,	 17)		,
(	164	,	-5.955026	,	54.260919	,	2	,	 17)		,
(	165	,	-5.9636768	,	54.2611465	,	3	,	 17)		,
(	166	,	-5.9655221	,	54.261723	,	4	,	 17)		,
(	167	,	-5.9793838	,	54.2619486	,	5	,	 17)		,
(	168	,	-5.9788688	,	54.2639539	,	6	,	 17)		,
(	169	,	-5.9746631	,	54.2639037	,	7	,	 17)		,
(	170	,	-5.9687408	,	54.2668863	,	8	,	 17)		,
(	171	,	-5.955047	,	54.264924	,	9	,	 17)		,
(	172	,	-5.9462102	,	54.2599684	,	0	,	 18)		,
(	173	,	-5.9528192	,	54.2607956	,	1	,	 18)		,
(	174	,	-5.9633764	,	54.2606953	,	2	,	 18)		,
(	175	,	-5.9652217	,	54.261698	,	3	,	 18)		,
(	176	,	-5.9791692	,	54.261698	,	4	,	 18)		,
(	177	,	-5.9781822	,	54.2637283	,	5	,	 18)		,
(	178	,	-5.9695562	,	54.2668613	,	6	,	 18)		,
(	179	,	-5.9571966	,	54.2662347	,	7	,	 18)		,
(	180	,	-5.955047	,	54.264924	,	8	,	 18)		,
(	181	,	-5.9467252	,	54.2601438	,	0	,	 19)		,
(	182	,	-5.9542783	,	54.2606452	,	1	,	 19)		,
(	183	,	-5.955026	,	54.260919	,	2	,	 19)		,
(	184	,	-5.9645351	,	54.2611465	,	3	,	 19)		,
(	185	,	-5.9655221	,	54.261723	,	4	,	 19)		,
(	186	,	-5.9780105	,	54.2604948	,	5	,	 19)		,
(	187	,	-5.9796842	,	54.2632771	,	6	,	 19)		,
(	188	,	-5.9698995	,	54.2668863	,	7	,	 19)		,
(	189	,	-5.9623893	,	54.2649564	,	8	,	 19)		,
(	190	,	-5.955047	,	54.264924	,	9	,	 19)		,
(	191	,	-5.9976642	,	54.1910704	,	0	,	 20)		,
(	192	,	-5.9983938	,	54.1901006	,	1	,	 20)		,
(	193	,	-5.9972941	,	54.1888953	,	2	,	 20)		,
(	194	,	-5.9969286	,	54.187884	,	3	,	 20)		,
(	195	,	-5.9978305	,	54.1878155	,	4	,	 20)		,
(	196	,	-5.9983233	,	54.1874571	,	5	,	 20)		,
(	197	,	-5.9997295	,	54.1872819	,	6	,	 20)		,
(	198	,	-6.0008346	,	54.1874012	,	7	,	 20)		,
(	199	,	-6.0016071	,	54.1875142	,	8	,	 20)		,
(	200	,	-6.0013067	,	54.1883115	,	9	,	 20)		,
(	201	,	-6.0010921	,	54.1886818	,	10	,	 20)		,
(	202	,	-6.0007266	,	54.1890893	,	11	,	 20)		,
(	203	,	-6.0004591	,	54.1896172	,	12	,	 20)		,
(	204	,	-6.0008239	,	54.189906	,	13	,	 20)		,
(	205	,	-6.0013603	,	54.1901633	,	14	,	 20)		,
(	206	,	-6.0019826	,	54.1904646	,	15	,	 20)		,
(	207	,	-6.0014354	,	54.1908664	,	16	,	 20)		,
(	208	,	-6.0007273	,	54.1910171	,	17	,	 20)		,
(	209	,	-5.9997508	,	54.191178	,	18	,	 20)		,
(	210	,	-5.9976642	,	54.1910704	,	0	,	 21)		,
(	211	,	-5.9983509	,	54.1904929	,	1	,	 21)		,
(	212	,	-5.9985279	,	54.1902544	,	2	,	 21)		,
(	213	,	-5.9984957	,	54.1901257	,	3	,	 21)		,
(	214	,	-5.9980558	,	54.1894257	,	4	,	 21)		,
(	215	,	-5.9980236	,	54.1886002	,	5	,	 21)		,
(	216	,	-5.9974175	,	54.188368	,	6	,	 21)		,
(	217	,	-5.9969286	,	54.187884	,	7	,	 21)		,
(	218	,	-5.998265	,	54.187464	,	8	,	 21)		,
(	219	,	-6.0000085	,	54.1875173	,	9	,	 21)		,
(	220	,	-6.0015105	,	54.1874953	,	10	,	 21)		,
(	221	,	-6.0016393	,	54.1877559	,	11	,	 21)		,
(	222	,	-6.0014676	,	54.188302	,	12	,	 21)		,
(	223	,	-6.0006522	,	54.1889141	,	13	,	 21)		,
(	224	,	-6.0007059	,	54.1891213	,	14	,	 21)		,
(	225	,	-6.0016823	,	54.1898493	,	15	,	 21)		,
(	226	,	-6.0015964	,	54.1900879	,	16	,	 21)		,
(	227	,	-6.0019932	,	54.1904247	,	17	,	 21)		,
(	228	,	-6.0012316	,	54.1911174	,	18	,	 21)		,
(	229	,	-6.000545	,	54.191155	,	19	,	 21)		,
(	230	,	-5.9997508	,	54.191178	,	20	,	 21)		,
(	231	,	-5.9976642	,	54.1910704	,	0	,	 22)		,
(	232	,	-5.9988177	,	54.190521	,	1	,	 22)		,
(	233	,	-5.9984957	,	54.1901257	,	2	,	 22)		,
(	234	,	-5.99841	,	54.1896673	,	3	,	 22)		,
(	235	,	-5.9982061	,	54.1891965	,	4	,	 22)		,
(	236	,	-5.9983456	,	54.1884871	,	5	,	 22)		,
(	237	,	-5.9969286	,	54.187884	,	6	,	 22)		,
(	238	,	-5.9971332	,	54.187558	,	7	,	 22)		,
(	239	,	-5.998013	,	54.1874199	,	8	,	 22)		,
(	240	,	-5.9983233	,	54.1874571	,	9	,	 22)		,
(	241	,	-5.9995258	,	54.1870997	,	10	,	 22)		,
(	242	,	-6.0005235	,	54.1872002	,	11	,	 22)		,
(	243	,	-6.0015105	,	54.1874953	,	12	,	 22)		,
(	244	,	-6.0006201	,	54.1879472	,	13	,	 22)		,
(	245	,	-6.0005665	,	54.1883302	,	14	,	 22)		,
(	246	,	-6.000148	,	54.1887256	,	15	,	 22)		,
(	247	,	-6.0007059	,	54.1891213	,	16	,	 22)		,
(	248	,	-6.001811	,	54.1893346	,	17	,	 22)		,
(	249	,	-6.0021758	,	54.1899623	,	18	,	 22)		,
(	250	,	-6.0019932	,	54.1904247	,	19	,	 22)		,
(	251	,	-6.0016608	,	54.1911174	,	20	,	 22)		,
(	252	,	-6.0006308	,	54.19145	,	21	,	 22)		,
(	253	,	-5.9997081	,	54.1912178	,	22	,	 22)		,
(	254	,	-5.9976642	,	54.1910704	,	0	,	 23)		,
(	255	,	-5.9977126	,	54.1904645	,	1	,	 23)		,
(	256	,	-5.9985057	,	54.1900961	,	2	,	 23)		,
(	257	,	-5.9978628	,	54.1893785	,	3	,	 23)		,
(	258	,	-5.9971547	,	54.1889705	,	4	,	 23)		,
(	259	,	-5.9968972	,	54.1883929	,	5	,	 23)		,
(	260	,	-5.9969286	,	54.187884	,	6	,	 23)		,
(	261	,	-5.9980774	,	54.1878656	,	7	,	 23)		,
(	262	,	-5.9983233	,	54.1874571	,	8	,	 23)		,
(	263	,	-5.999397	,	54.1876333	,	9	,	 23)		,
(	264	,	-6.0002553	,	54.1876082	,	10	,	 23)		,
(	265	,	-6.0016071	,	54.1875142	,	11	,	 23)		,
(	266	,	-6.0009634	,	54.1880351	,	12	,	 23)		,
(	267	,	-6.0007059	,	54.1884306	,	13	,	 23)		,
(	268	,	-6.0006952	,	54.1891776	,	14	,	 23)		,
(	269	,	-6.0016608	,	54.1896359	,	15	,	 23)		,
(	270	,	-6.0019826	,	54.1904646	,	16	,	 23)		,
(	271	,	-6.0009742	,	54.1907847	,	17	,	 23)		,
(	272	,	-6.0000622	,	54.1910797	,	18	,	 23)		,
(	273	,	-5.9997508	,	54.191178	,	19	,	 23)		,
(	274	,	-5.9976536	,	54.1910457	,	0	,	 24)		,
(	275	,	-5.9980076	,	54.1901951	,	1	,	 24)		,
(	276	,	-5.9985057	,	54.1900961	,	2	,	 24)		,
(	277	,	-5.9960872	,	54.1892347	,	3	,	 24)		,
(	278	,	-5.9964949	,	54.1881926	,	4	,	 24)		,
(	279	,	-5.9969286	,	54.187884	,	5	,	 24)		,
(	280	,	-5.9972191	,	54.1875711	,	6	,	 24)		,
(	281	,	-5.9979379	,	54.1874738	,	7	,	 24)		,
(	282	,	-5.9983233	,	54.1874571	,	8	,	 24)		,
(	283	,	-5.9995472	,	54.1871473	,	9	,	 24)		,
(	284	,	-6.0006898	,	54.1873137	,	10	,	 24)		,
(	285	,	-6.0015105	,	54.1874953	,	11	,	 24)		,
(	286	,	-6.0015803	,	54.1878316	,	12	,	 24)		,
(	287	,	-6.0013067	,	54.1883115	,	13	,	 24)		,
(	288	,	-6.0006201	,	54.1888486	,	14	,	 24)		,
(	289	,	-6.0007059	,	54.1891213	,	15	,	 24)		,
(	290	,	-6.0018784	,	54.1903958	,	16	,	 24)		,
(	291	,	-6.0004112	,	54.1911409	,	17	,	 24)		,
(	292	,	-5.9998426	,	54.1911598	,	18	,	 24)		,
(	293	,	-5.9977827	,	54.1910656	,	0	,	 25)		,
(	294	,	-5.9984049	,	54.190193	,	1	,	 25)		,
(	295	,	-5.9969887	,	54.1879771	,	2	,	 25)		,
(	296	,	-5.9977934	,	54.1875251	,	3	,	 25)		,
(	297	,	-6.0007545	,	54.1874246	,	4	,	 25)		,
(	298	,	-6.0014412	,	54.1875062	,	5	,	 25)		,
(	299	,	-6.0028896	,	54.1884291	,	6	,	 25)		,
(	300	,	-6.0007266	,	54.1890893	,	7	,	 25)		,
(	301	,	-6.0023102	,	54.1903625	,	8	,	 25)		,
(	302	,	-5.9998104	,	54.1912288	,	9	,	 25)		;
